Date,Open,High,Low,Close,Volume,Currency,Price Movement
31-12-2019,97.01721191,98.64949036,94.54247284,97.0788269,533536931,USD,Increase
01-01-2020,97.0788269,99.84942627,96.41432953,97.20179749,450643882,USD,Increase
02-01-2020,97.23760223,97.74055481,92.70539093,92.83791351,424249976,USD,Decrease
03-01-2020,93.0845108,103.8891678,92.11457825,102.6099625,697088052,USD,Increase
04-01-2020,102.6998749,110.2143097,102.4686508,109.6670914,712444844,USD,Increase
05-01-2020,109.675209,114.7617416,109.2396011,110.8650894,650101885,USD,Increase
06-01-2020,110.9914246,117.9483261,110.3549042,117.8140411,796700319,USD,Increase
07-01-2020,117.7525024,118.6575394,110.7052536,114.0628128,776247251,USD,Decrease
08-01-2020,114.0628128,116.1369247,111.3048706,114.1733704,762929032,USD,Increase
09-01-2020,114.1140823,118.3463364,112.7740097,117.7422943,679848557,USD,Increase
10-01-2020,117.6565704,172.7569427,116.6746445,171.1642303,1782635151,USD,Increase
11-01-2020,171.0756531,175.6250305,149.3019409,150.7318726,1779222123,USD,Decrease
12-01-2020,151.3286285,168.8140411,148.5810699,165.0128021,1360791215,USD,Increase
13-01-2020,164.8852539,174.6592102,159.9598999,174.3273621,1227224459,USD,Increase
14-01-2020,173.8060608,441.1965637,173.5840912,422.7356873,7460265156,USD,Increase
15-01-2020,420.6819458,421.5262756,285.6822205,312.7556458,5432389775,USD,Decrease
16-01-2020,312.0617981,333.8732605,282.2265625,312.8806763,3966458240,USD,Increase
17-01-2020,313.3834534,330.3887634,274.0141602,286.4017944,3565786206,USD,Decrease
18-01-2020,286.5119324,297.5357056,245.1820831,249.1907196,3246126279,USD,Decrease
19-01-2020,249.9074097,276.9186401,238.8455353,276.9186401,3190579995,USD,Increase
20-01-2020,278.0603333,320.6426086,264.6915283,301.6965942,3279329941,USD,Increase
21-01-2020,300.7888184,323.3013306,290.9819031,314.52771,2836183879,USD,Increase
22-01-2020,314.793335,322.1907654,299.273468,308.9052734,2192284387,USD,Decrease
23-01-2020,308.5447388,308.585022,248.2833862,259.1357727,2643222739,USD,Decrease
24-01-2020,259.0895081,281.4699402,247.2959137,266.975769,2733224386,USD,Increase
25-01-2020,266.4119873,270.3371887,253.4713135,261.8514404,1764624059,USD,Decrease
26-01-2020,261.6226501,277.2640991,254.8527374,274.1991882,2003477064,USD,Increase
27-01-2020,274.2621155,318.7865295,274.1022644,300.3503113,3260926617,USD,Increase
28-01-2020,300.1286926,311.1367493,279.4581909,294.7631226,2987485223,USD,Decrease
29-01-2020,294.9683838,303.9039307,282.6755676,287.9704285,2955203277,USD,Decrease
30-01-2020,287.4692383,306.6995239,284.5903625,298.8234253,2639457631,USD,Increase
31-01-2020,298.7815552,298.9177246,265.0791626,272.3962097,2306111736,USD,Decrease
01-02-2020,272.9117432,288.0604553,270.9261169,278.6494446,2045188904,USD,Increase
02-02-2020,278.0517883,286.1499023,271.8634338,276.7426147,1947042982,USD,Decrease
03-02-2020,276.7426147,285.4448853,275.1427002,280.7286072,1966449392,USD,Increase
04-02-2020,280.6349792,282.7148438,267.8049011,272.0567322,1848976319,USD,Decrease
05-02-2020,271.9516296,304.3865356,269.1757813,298.8831787,2723740891,USD,Increase
06-02-2020,299.4275208,306.2124939,292.5310669,295.6504211,2403576503,USD,Decrease
07-02-2020,295.6661072,302.5376587,290.624115,295.7012024,2039225645,USD,Increase
08-02-2020,295.6715698,346.1575317,290.3830261,336.2476501,3637921786,USD,Increase
09-02-2020,336.2753906,366.3366394,331.7277222,350.0896301,3583539558,USD,Increase
10-02-2020,350.8322754,355.5209045,339.3374023,352.3561401,3169406345,USD,Increase
11-02-2020,352.6224976,366.1286316,346.5242615,363.3983154,2971745227,USD,Increase
12-02-2020,363.4389648,375.72052,363.0080261,366.7179565,3020567588,USD,Increase
13-02-2020,366.0350037,379.498291,349.769928,359.0411377,3334653510,USD,Decrease
14-02-2020,359.2623291,363.0606995,349.5075073,360.3900146,2708978354,USD,Increase
15-02-2020,360.5624695,361.6252136,304.586731,310.0778198,2841930815,USD,Decrease
16-02-2020,310.4044189,321.4404297,266.8467102,285.8675232,3044207063,USD,Decrease
17-02-2020,285.4216309,315.4084167,257.0706177,309.4416199,3724652669,USD,Increase
18-02-2020,309.5077515,322.960968,290.2191467,309.1070557,3499501110,USD,Decrease
19-02-2020,309.2344666,314.451355,288.7273865,288.7273865,2781178232,USD,Decrease
20-02-2020,287.2167664,305.2005615,280.1481323,285.4997253,2927371823,USD,Decrease
21-02-2020,285.5087891,293.9132385,283.296051,289.4433899,2282759105,USD,Increase
22-02-2020,289.4447327,290.2752075,276.6158752,280.4067993,2094451769,USD,Decrease
23-02-2020,280.5297852,294.5535278,280.0682983,294.3893738,2241456507,USD,Increase
24-02-2020,294.4768982,298.4317932,270.2789001,277.3788147,2390831344,USD,Decrease
25-02-2020,277.4909973,278.3526611,256.5889587,259.7648621,2300066161,USD,Decrease
26-02-2020,259.5776367,259.6699524,215.1181335,225.0285492,3532653944,USD,Decrease
27-02-2020,225.010849,233.8022461,217.0490112,226.5533905,2584680224,USD,Increase
28-02-2020,226.7797699,230.7732697,210.5327301,215.9731445,2325970138,USD,Decrease
29-02-2020,215.8258362,220.7040863,209.6308441,212.2919922,1925700287,USD,Decrease
01-03-2020,212.3227081,228.7323456,212.1737061,228.5179138,2461691016,USD,Increase
02-03-2020,228.5228882,258.1128845,227.1610413,251.4146881,2887136059,USD,Increase
03-03-2020,251.6865082,253.9811859,242.1954346,246.4846649,2741753419,USD,Decrease
04-03-2020,246.4846649,247.883316,224.8568115,231.2154236,2142182865,USD,Decrease
05-03-2020,231.3993988,247.8124084,231.3993988,240.6180267,2431717715,USD,Increase
06-03-2020,240.8335266,248.5546265,238.2225037,245.0747528,2260275207,USD,Increase
07-03-2020,245.3188477,245.6841125,229.1902008,234.2283173,1910397713,USD,Decrease
08-03-2020,234.2283173,234.2283173,196.3272858,197.9492645,2252966254,USD,Decrease
09-03-2020,197.889801,201.358902,189.0722656,199.1755524,2510235141,USD,Increase
10-03-2020,199.2036285,202.2822571,194.5046082,198.830719,1893086091,USD,Decrease
11-03-2020,198.809433,200.5629883,177.2285156,190.5147095,1783158747,USD,Decrease
12-03-2020,190.2435455,191.2668915,107.1036377,108.7858276,2540501992,USD,Decrease
13-03-2020,108.717247,125.8624496,88.07146454,120.8989563,3495044246,USD,Increase
14-03-2020,121.0816803,125.1482849,115.0200195,116.3063431,1739920784,USD,Decrease
15-03-2020,116.0969772,128.5764771,115.0040359,122.9458923,1596193505,USD,Increase
16-03-2020,122.8783722,124.4654541,102.0954742,109.5854187,2143129008,USD,Decrease
17-03-2020,109.7402344,121.7771835,109.7122345,117.005394,1846959345,USD,Increase
18-03-2020,116.5786362,119.3464203,112.2224579,119.3464203,1592444482,USD,Increase
19-03-2020,119.5898438,166.3877106,118.0984344,156.3201599,3116861239,USD,Increase
20-03-2020,156.441452,175.5068054,149.5070496,160.3318481,3784711874,USD,Increase
21-03-2020,160.5859375,171.5386047,157.0805969,167.6957397,3036999420,USD,Increase
22-03-2020,167.8018799,182.0267792,156.6147614,157.7841034,3365019330,USD,Decrease
23-03-2020,157.7841034,169.425293,155.6199799,168.5083923,3149579336,USD,Increase
24-03-2020,168.6452484,180.6903381,168.6398315,177.955246,2977423446,USD,Increase
25-03-2020,178.2603302,178.2603302,169.5289459,172.9514618,2618004667,USD,Decrease
26-03-2020,172.9514618,174.8734894,167.2359314,172.529541,1996685072,USD,Decrease
27-03-2020,172.7297363,176.5881805,166.7953186,166.7953186,1904035736,USD,Decrease
28-03-2020,166.7077332,166.7077332,151.3918457,157.0191193,2095536391,USD,Decrease
29-03-2020,157.2249603,157.9924469,148.3920898,148.3920898,1543375850,USD,Decrease
30-03-2020,147.6717834,170.8555145,146.95047,166.4355316,2283127949,USD,Increase
31-03-2020,166.1513824,169.2254333,163.8847351,165.4046021,2000505849,USD,Decrease
01-04-2020,165.4046021,168.0016937,159.2752533,168.0016937,2007741934,USD,Increase
02-04-2020,168.043869,184.6670837,166.3667908,175.1549988,2650862690,USD,Increase
03-04-2020,175.4034729,183.3143311,173.0881195,178.6085358,2464900634,USD,Increase
04-04-2020,178.7207489,179.4510345,174.9463196,179.2720947,1812315893,USD,Increase
05-04-2020,179.2337189,179.613205,171.673645,174.8638916,1703432611,USD,Decrease
06-04-2020,174.8143463,192.7469025,174.5856781,190.9978485,2826496191,USD,Increase
07-04-2020,190.7514496,194.5885162,184.3646851,184.8280029,2619485002,USD,Decrease
08-04-2020,184.9521637,220.6713409,184.5521851,217.0862274,4032521456,USD,Increase
09-04-2020,217.3045959,224.9216461,210.8270721,214.7508087,3289157637,USD,Decrease
10-04-2020,214.4760132,214.6452332,182.000946,186.516037,3313739192,USD,Decrease
11-04-2020,186.516037,189.763092,181.138031,186.0516663,2058158008,USD,Decrease
12-04-2020,186.1366577,199.9821777,183.4742889,192.9704285,2627340894,USD,Increase
13-04-2020,192.9614258,192.9614258,183.805954,188.002655,2913393576,USD,Decrease
14-04-2020,188.049118,193.3347473,186.9862213,188.5596924,2038128781,USD,Increase
15-04-2020,188.806427,191.3977661,182.1417084,182.1569977,1702846496,USD,Decrease
16-04-2020,181.8773956,196.8838501,174.9185944,194.6972656,2708612989,USD,Increase
18-04-2020,194.4255676,207.6184845,194.1264191,203.5212402,1968129250,USD,Increase
19-04-2020,203.4915619,206.6005859,195.7477112,195.7714844,2209872071,USD,Decrease
20-04-2020,195.625412,199.1248932,184.0813904,185.1521912,2092656480,USD,Decrease
21-04-2020,184.9117126,187.3530731,180.5256195,184.0163269,2037607362,USD,Decrease
22-04-2020,183.9962006,194.544693,182.7266846,192.2945404,1914479024,USD,Increase
23-04-2020,192.3762207,197.6915436,188.6274567,193.8011322,2202065564,USD,Increase
24-04-2020,193.9692993,197.3712006,193.5709076,194.6625366,1861647465,USD,Increase
25-04-2020,194.7056122,198.9781952,192.607666,195.0278931,2012652584,USD,Increase
26-04-2020,195.0476837,198.8195343,194.7232513,195.746582,1884017120,USD,Increase
27-04-2020,195.8610382,197.4573212,190.9298859,194.0160675,1995756051,USD,Decrease
28-04-2020,194.1386414,196.6969757,191.3695374,195.5884094,1826791904,USD,Increase
29-04-2020,195.6727753,210.1376648,194.6960602,208.3136749,2573912361,USD,Increase
30-04-2020,208.2487183,226.7825165,206.2398834,208.3015442,3468080646,USD,Increase
01-05-2020,208.3015442,216.5349884,208.0306549,213.3973389,2237282636,USD,Increase
02-05-2020,213.3649597,215.434082,210.1459656,213.4441376,1995753725,USD,Increase
03-05-2020,213.4020386,218.085083,206.4021759,208.6157379,2295262059,USD,Decrease
04-05-2020,208.5405884,209.8447113,197.303772,205.4835663,2421080578,USD,Decrease
05-05-2020,205.6196747,212.5158386,204.1627502,207.2216949,2290882102,USD,Increase
06-05-2020,207.0365906,211.1270447,204.7730103,204.9256134,2228243539,USD,Decrease
07-05-2020,204.9256134,211.5690918,202.0650024,209.9542847,2359927019,USD,Increase
08-05-2020,209.9542847,215.0208588,207.8944092,210.5623322,2442133916,USD,Increase
09-05-2020,210.4675903,216.9894714,208.9997864,211.0302734,2571411486,USD,Increase
10-05-2020,211.1012115,211.1658936,178.9636078,185.8956604,2589962087,USD,Decrease
11-05-2020,185.9377289,188.4732208,174.8803253,188.141449,2495720772,USD,Increase
12-05-2020,188.2331238,193.1651001,184.6625061,186.5256805,1992227197,USD,Decrease
13-05-2020,186.5957642,192.2288666,185.2434082,190.3309937,1699205196,USD,Increase
14-05-2020,190.0864563,194.6426086,188.9602814,193.1481323,1942907274,USD,Increase
15-05-2020,193.1479492,193.7092285,186.0820465,187.6752625,1801930340,USD,Decrease
16-05-2020,187.5485992,190.6448822,186.2801819,188.5439606,1506851155,USD,Increase
17-05-2020,188.5155487,194.0945587,188.2960968,191.7267151,1429176120,USD,Increase
18-05-2020,191.7663727,206.7064056,191.6645966,203.4309692,2052354763,USD,Increase
19-05-2020,203.865387,204.3088379,197.7267914,200.7756805,1744879416,USD,Decrease
20-05-2020,200.6829376,203.2161407,194.9132843,197.0551605,1595072264,USD,Decrease
21-05-2020,197.0335388,203.4052124,188.9240417,193.4507141,1798266241,USD,Decrease
22-05-2020,193.3137207,196.6561279,191.6505737,194.9689636,1324261581,USD,Increase
23-05-2020,195.0005493,196.9250183,192.1710815,193.9564972,1072106099,USD,Decrease
24-05-2020,193.9066925,195.0860291,184.9257507,184.9357147,1213807485,USD,Decrease
25-05-2020,184.7511139,186.0110016,181.8915405,184.1260834,1118755233,USD,Decrease
26-05-2020,185.3426208,185.5651093,179.1270142,180.85849,1195119871,USD,Decrease
27-05-2020,180.85849,188.8737335,180.5393372,188.8737335,1539575067,USD,Increase
28-05-2020,188.9251556,192.8539276,186.1374359,192.4654541,1456179939,USD,Increase
29-05-2020,192.5509796,194.1390228,188.698349,190.4772339,1548696159,USD,Decrease
30-05-2020,190.4453735,202.0554199,188.0552826,201.839325,2107345837,USD,Increase
31-05-2020,201.8330994,201.8489685,192.2732697,193.1362152,1643498359,USD,Decrease
01-06-2020,193.1296082,203.1520233,192.7438049,202.7431946,1704571261,USD,Increase
02-06-2020,202.6576385,207.6594391,193.7585907,195.6710663,2070978112,USD,Decrease
03-06-2020,195.7144012,196.1913757,193.5715942,195.9363708,1453121618,USD,Increase
04-06-2020,195.938736,198.9364777,194.1682281,197.6174469,1439365836,USD,Increase
05-06-2020,197.602356,199.1807251,195.6465912,196.7970428,1351691438,USD,Decrease
06-06-2020,196.7970428,196.7970428,193.4805298,194.3320618,1192456208,USD,Decrease
07-06-2020,194.3320618,195.2422485,188.610733,194.0688934,1370911213,USD,Decrease
08-06-2020,194.0335083,194.2002869,189.9596252,191.9321136,1155709978,USD,Decrease
09-06-2020,191.9490051,192.805191,189.521698,191.1279449,1190330474,USD,Decrease
10-06-2020,191.1316986,196.1302185,190.6763611,194.1554565,1397632297,USD,Increase
11-06-2020,194.1867676,194.820816,180.7592926,181.6456909,1415523960,USD,Decrease
12-06-2020,181.5794525,185.0368805,180.5525665,183.0933533,1170656232,USD,Increase
13-06-2020,183.1508789,183.3468628,181.481781,182.8895264,884987750,USD,Decrease
14-06-2020,182.8973541,184.2130432,179.3087463,180.0165405,897770498,USD,Decrease
15-06-2020,180.0165405,180.1427765,168.8735504,175.6608887,1175534897,USD,Decrease
16-06-2020,175.6501007,177.6431885,174.0672302,176.1617584,1039083053,USD,Increase
17-06-2020,176.1534424,177.9884644,173.6261597,177.8353271,900627312,USD,Increase
18-06-2020,177.84758,177.8897095,173.8656158,175.2655029,884757053,USD,Decrease
19-06-2020,175.3226013,175.4093781,171.7867889,173.0085449,1094218560,USD,Decrease
20-06-2020,172.2649384,175.5072021,170.3800201,173.3498077,1122555280,USD,Increase
21-06-2020,172.8345642,175.7463074,172.3673096,172.4931183,904961186,USD,Decrease
22-06-2020,172.45784,177.9963379,172.4262085,175.7101898,1233458039,USD,Increase
23-06-2020,176.9217682,181.3611755,174.8430328,180.5415344,962634733,USD,Increase
24-06-2020,180.7265015,182.298233,171.7845306,172.923172,987310377,USD,Decrease
25-06-2020,172.8362427,173.2484283,169.4843292,172.3644104,938923928,USD,Decrease
26-06-2020,172.3286133,173.0041199,168.3318481,169.246048,1019173317,USD,Decrease
27-06-2020,169.2783203,170.3695221,155.0158691,162.1251526,1124096210,USD,Decrease
28-06-2020,162.1251526,162.3105469,154.3537445,159.3730927,1069996720,USD,Decrease
29-06-2020,159.4202881,161.2744751,156.3744812,160.10495,1025204103,USD,Increase
30-06-2020,159.1283875,160.5755615,157.035965,158.1504517,939565958,USD,Decrease
01-07-2020,158.5061035,159.2425995,154.3806915,157.0987549,989072226,USD,Decrease
02-07-2020,157.0638428,158.0999298,153.6054993,155.8943329,876911589,USD,Decrease
03-07-2020,155.913208,156.9255219,154.1176147,155.2351685,878500995,USD,Decrease
04-07-2020,155.2114716,157.1562347,153.3540344,155.1634674,896022460,USD,Decrease
05-07-2020,155.5358734,156.3411713,151.9358215,153.7530975,878715915,USD,Decrease
06-07-2020,153.7530975,193.978241,153.4893036,191.8586121,1939468353,USD,Increase
07-07-2020,191.924881,193.9789734,181.9514465,184.3700562,1430074505,USD,Decrease
08-07-2020,184.4606934,190.697403,183.123703,188.9830017,1397988017,USD,Increase
09-07-2020,188.9830017,190.0441589,183.4488983,185.6792908,1136387373,USD,Decrease
10-07-2020,185.4853821,185.4853821,178.9439087,182.6650848,1188008038,USD,Decrease
11-07-2020,182.67659,183.5662994,181.1767883,182.8393097,879154454,USD,Increase
12-07-2020,182.8438416,187.0222778,182.8438416,185.911911,1021383727,USD,Increase
13-07-2020,185.911911,186.2996674,180.7036133,182.1134033,1108494832,USD,Decrease
14-07-2020,182.1134033,182.1634979,179.0263519,181.6050262,1032117613,USD,Decrease
15-07-2020,181.0773926,183.6146088,178.8080902,179.6746216,1097492089,USD,Decrease
16-07-2020,179.7787476,180.3852539,171.9833984,173.0960846,1074372007,USD,Decrease
17-07-2020,173.1398163,173.9674225,170.7777405,172.0478973,1049429000,USD,Decrease
18-07-2020,171.985733,174.3547821,171.4108276,172.7783661,1011992052,USD,Increase
19-07-2020,172.7503357,173.4355164,168.51828,171.9950562,1090383716,USD,Decrease
20-07-2020,172.1784973,172.9029694,168.5381622,169.3598938,1055569739,USD,Decrease
21-07-2020,169.3442535,179.1899109,169.0700836,177.3800201,1241046357,USD,Increase
22-07-2020,177.396286,181.7845917,175.2858887,181.7081604,1221707999,USD,Increase
23-07-2020,180.5139008,186.3875275,180.2689514,184.2590942,1376147916,USD,Increase
24-07-2020,184.202774,184.3725586,179.6382446,181.6177368,1267538795,USD,Decrease
25-07-2020,180.8120728,190.2700806,180.6600952,190.2700806,1380403936,USD,Increase
26-07-2020,190.6626129,194.7108154,186.9810181,190.035675,1563434752,USD,Decrease
27-07-2020,190.0249176,211.9714203,189.8391113,207.326828,1933897783,USD,Increase
28-07-2020,207.8995819,218.6703033,202.1135406,214.1475372,2072101867,USD,Increase
29-07-2020,214.3561249,219.1097412,211.7253418,213.3995361,1685108193,USD,Decrease
30-07-2020,213.5217285,218.2259827,209.9289093,215.3556671,1658274601,USD,Increase
31-07-2020,215.9699554,230.5309296,212.6087952,229.8368988,1925234096,USD,Increase
01-08-2020,229.8368988,244.1530762,227.4234314,243.3483582,2316011889,USD,Increase
02-08-2020,243.6712341,252.9751434,213.5570679,217.8161621,2677273031,USD,Decrease
03-08-2020,217.8362427,233.6489105,216.8149109,228.1217957,1809758255,USD,Increase
04-08-2020,228.1151123,232.9283142,219.3460999,224.6687469,1718721505,USD,Decrease
05-08-2020,224.7383575,235.3256683,223.5466919,234.1678925,1476218661,USD,Increase
06-08-2020,234.0984344,240.4734497,230.0618439,236.6023254,1556497463,USD,Increase
07-08-2020,236.5608673,241.6012726,223.5595856,228.9796906,1650015705,USD,Decrease
08-08-2020,229.019165,233.9087524,227.4375,232.7456818,1272232086,USD,Increase
09-08-2020,232.9802246,234.109314,220.6660461,224.0450592,1213167418,USD,Decrease
10-08-2020,224.1744232,229.7937317,224.0903015,225.9984741,1297276831,USD,Increase
11-08-2020,226.0097961,227.3799438,204.8817749,210.7623138,1151143154,USD,Decrease
12-08-2020,210.846283,212.606369,200.3822021,209.2909546,893247632,USD,Decrease
16-08-2020,223.8932037,228.1741028,214.2681122,222.8317108,969331160,USD,Decrease
17-08-2020,222.8317108,228.4413452,218.2718811,224.2457886,963973296,USD,Increase
18-08-2020,224.4947357,233.253067,217.2959747,217.2959747,989583762,USD,Decrease
19-08-2020,217.2700806,218.6451111,203.4865417,206.5181122,934541279,USD,Decrease
20-08-2020,206.4520721,209.7673798,205.2864075,208.9487762,652842403,USD,Increase
21-08-2020,208.91362,211.1702423,197.4655151,197.4655151,816282428,USD,Decrease
22-08-2020,197.3533325,197.4048462,190.6678467,196.6582794,749933578,USD,Decrease
23-08-2020,196.7014313,196.8655396,192.0960388,194.8611145,602797545,USD,Decrease
24-08-2020,194.7912598,206.7166748,193.916687,203.8320313,775166913,USD,Increase
25-08-2020,203.7830658,203.8136139,186.5130768,192.0808258,770117025,USD,Decrease
26-08-2020,192.1448059,193.8956146,188.1650543,191.4156342,621682357,USD,Decrease
27-08-2020,191.3303986,192.3856049,184.2450562,185.9521484,605773369,USD,Decrease
28-08-2020,185.9810638,193.1882019,184.5461731,191.7799377,611385861,USD,Increase
29-08-2020,191.7653198,192.437561,189.0932007,190.4440002,924063636,USD,Decrease
30-08-2020,190.3115692,196.9251404,189.6050873,196.5013733,1102059133,USD,Increase
31-08-2020,196.5825195,200.0428162,192.1357269,192.8454437,638195330,USD,Decrease
01-09-2020,192.7985535,207.1139679,189.8995667,203.6662445,896545578,USD,Increase
02-09-2020,203.8475037,204.9197235,178.7327271,183.57164,929037178,USD,Decrease
03-09-2020,183.5035858,184.8634491,149.8152924,152.3483276,917281229,USD,Decrease
04-09-2020,152.2518005,165.4846802,152.1353302,160.562439,948815228,USD,Increase
05-09-2020,160.5249176,170.4395142,151.2559662,162.099823,1393263732,USD,Increase
06-09-2020,162.099823,167.3543854,159.4251251,163.5022125,1299598990,USD,Increase
07-09-2020,163.4381104,175.9868317,161.0861969,174.1546021,1705638023,USD,Increase
08-09-2020,174.1999969,178.8978119,166.3921204,170.5654755,1554219114,USD,Decrease
09-09-2020,170.6287384,173.0980988,166.7008514,169.5764313,1013549692,USD,Decrease
10-09-2020,169.5543976,172.9145508,164.983902,166.7016754,1122149508,USD,Decrease
22-09-2020,146.2693787,158.9831085,143.5272217,155.7811737,572282377,USD,Increase
23-09-2020,155.7350311,156.7814178,148.0883026,150.5228577,549423462,USD,Decrease
24-09-2020,150.5641327,158.4245453,149.8121948,156.8352509,564105499,USD,Increase
25-09-2020,156.8662262,157.3858032,152.672287,155.9112701,481176007,USD,Decrease
26-09-2020,156.0157318,166.6456757,154.9011993,163.7820129,593194753,USD,Increase
27-09-2020,163.7559052,173.9134064,160.9404144,170.0136719,750534844,USD,Increase
28-09-2020,170.0136719,176.5275116,168.6903076,168.8414917,778556077,USD,Decrease
29-09-2020,168.552475,172.4700317,167.9080353,172.3110962,575098749,USD,Increase
30-09-2020,171.8246307,179.3464203,170.4670715,171.7402344,719803438,USD,Decrease
01-10-2020,171.7402344,177.4115906,165.1099396,170.3194733,704986033,USD,Decrease
05-10-2020,162.6781311,164.8636932,161.4465637,163.3002014,533665993,USD,Increase
06-10-2020,163.3044739,165.6929932,158.0358887,159.4788208,771978208,USD,Decrease
07-10-2020,159.485611,166.6359863,157.6762238,163.3621368,544003508,USD,Increase
08-10-2020,163.4355774,168.1225128,160.7792816,165.5146484,706896989,USD,Increase
10-10-2020,168.3621216,174.5644836,168.3397369,171.118103,693050813,USD,Increase
11-10-2020,170.905426,174.2542419,170.1838074,172.0307312,621020043,USD,Increase
14-10-2020,170.8448944,172.5371094,166.2829437,168.686615,839167706,USD,Decrease
15-10-2020,168.5437164,172.1634216,167.0547485,169.4484863,752059970,USD,Increase
16-10-2020,169.5749359,170.2715912,157.5396271,160.6729889,847576982,USD,Decrease
17-10-2020,160.7557526,160.8690033,157.7110901,159.3944244,593885787,USD,Decrease
18-10-2020,159.4725342,160.6060944,158.7160034,160.3728485,444378907,USD,Increase
19-10-2020,160.5171051,161.1163177,158.6989594,159.9801636,610553488,USD,Decrease
20-10-2020,159.9618835,160.5817108,155.7214508,157.5920868,1052715584,USD,Decrease
21-10-2020,157.9062042,167.4133606,157.7995911,164.8001251,940959601,USD,Increase
22-10-2020,164.6715546,171.5428619,164.6101837,168.7792358,781622694,USD,Increase
23-10-2020,168.8699341,170.0007629,162.9416046,166.2621918,1163918860,USD,Decrease
24-10-2020,166.2622223,175.4971771,166.2622223,175.4957123,1343642415,USD,Increase
25-10-2020,175.4957123,184.5400848,170.3595734,180.9338837,1212885827,USD,Increase
26-10-2020,180.9338837,184.5305176,169.3730927,173.8072205,1279905127,USD,Decrease
27-10-2020,173.8072052,178.0123444,172.1213837,174.8909302,999345472,USD,Increase
28-10-2020,174.8910828,176.5815735,167.0954285,169.8619843,1111576050,USD,Decrease
29-10-2020,169.8622894,170.6527557,164.5089874,166.7854767,899916192,USD,Decrease
30-10-2020,166.786026,168.4651947,159.9854889,163.5138397,941971368,USD,Decrease
31-10-2020,163.5138397,167.6149292,161.7440491,164.8695374,929986117,USD,Increase
01-11-2020,164.8695374,166.2387543,162.6615753,164.6368408,590083841,USD,Decrease
02-11-2020,164.6355286,166.6618652,157.2023926,158.671875,754759967,USD,Decrease
03-11-2020,158.6710663,158.6710663,146.683075,153.783493,826433367,USD,Decrease
04-11-2020,153.7825623,153.7825623,146.930481,152.160141,965812021,USD,Decrease
05-11-2020,152.1695099,162.4405975,152.0378876,159.7518768,741458841,USD,Increase
06-11-2020,159.7499084,168.8404083,158.4445038,167.639801,724540086,USD,Increase
07-11-2020,167.639801,172.6559143,158.7205048,162.2105103,734498980,USD,Decrease
08-11-2020,162.2105103,167.8262787,160.5470123,166.8770294,682235661,USD,Increase
09-11-2020,166.8776245,167.0999451,157.0036774,160.1226501,684039443,USD,Decrease
10-11-2020,160.1265717,161.735611,155.3595734,157.1943817,623807612,USD,Decrease
11-11-2020,157.1941223,162.0335236,156.8948822,159.1252441,827156705,USD,Increase
12-11-2020,159.1244659,160.956131,156.0260315,158.1655884,724782218,USD,Decrease
13-11-2020,158.165451,161.8287354,156.3948212,161.146225,753589540,USD,Increase
14-11-2020,161.146225,161.462738,155.4875336,157.7352142,755680913,USD,Decrease
15-11-2020,157.7352142,158.2281036,152.9109497,154.4309235,427809861,USD,Decrease
16-11-2020,154.4309235,160.6302185,153.400528,158.0951385,1273868444,USD,Increase
17-11-2020,159.845871,169.8878326,159.0723572,166.8501129,641073792,USD,Increase
18-11-2020,166.8495789,170.7610321,159.0176392,162.152771,603602085,USD,Decrease
19-11-2020,162.1523743,166.1419067,158.0547333,161.5948639,466428689,USD,Decrease
20-11-2020,161.5915375,168.0790863,161.2862396,165.999115,474041829,USD,Increase
21-11-2020,165.999115,196.3659058,165.999115,193.6735687,1241312266,USD,Increase
22-11-2020,193.6735687,196.0410461,173.6674652,177.8670654,1097906401,USD,Decrease
23-11-2020,177.8671112,197.2738037,175.1743927,196.9010925,1272012000,USD,Increase
24-11-2020,196.8697968,216.6496887,194.5168457,208.9147339,1977255200,USD,Increase
25-11-2020,208.9064941,211.8520508,188.1051788,191.8394318,1423905156,USD,Decrease
26-11-2020,191.8024139,194.3483124,151.7561798,165.4684906,1483258713,USD,Decrease
27-11-2020,165.5333099,169.1086426,156.6055908,161.8022003,753053484,USD,Decrease
28-11-2020,161.8190765,171.473938,159.7102051,166.7303925,537586592,USD,Increase
29-11-2020,166.7478485,170.1844482,163.8404236,168.1978607,475164140,USD,Increase
30-11-2020,168.1891632,184.1753845,168.1891632,182.5581665,756538626,USD,Increase
01-12-2020,182.5871582,184.1801147,168.7273102,169.3662567,772317898,USD,Decrease
02-12-2020,169.3780212,172.3475952,165.8831177,171.0374603,516900110,USD,Increase
03-12-2020,171.0824585,173.9979248,168.0579224,170.828949,435721247,USD,Decrease
04-12-2020,170.8379669,195.8948822,168.5824127,177.5480804,1304860803,USD,Increase
05-12-2020,177.5796509,184.6573639,173.8294983,181.9665985,792710254,USD,Increase
06-12-2020,181.9756317,183.0022736,174.2760468,178.5522919,490738173,USD,Decrease
07-12-2020,178.5470734,187.3437347,176.1228485,179.6957397,646595813,USD,Increase
08-12-2020,179.7055969,181.2996674,170.2090149,173.3684082,569515279,USD,Decrease
09-12-2020,173.3485718,173.4673462,161.7398834,170.3222809,532350698,USD,Decrease
10-12-2020,170.335434,170.9572144,164.3911133,166.4097443,397472839,USD,Decrease
11-12-2020,166.4374237,166.6873474,159.6544495,161.6541595,396994620,USD,Decrease
12-12-2020,161.6206665,166.3980103,161.2867126,165.0947571,328095197,USD,Increase
13-12-2020,165.1161499,171.7023315,164.7020111,168.5953522,355436393,USD,Increase
14-12-2020,168.6293945,169.2311859,164.4515076,166.6370087,315377355,USD,Decrease
15-12-2020,166.662735,172.5375519,164.6314087,169.1819916,463001628,USD,Increase
16-12-2020,169.1532898,180.1975403,167.0614929,179.6242828,549757824,USD,Increase
17-12-2020,179.6222687,190.3611145,177.2606812,179.0669098,819753174,USD,Decrease
18-12-2020,179.0793304,182.9771576,173.5924683,178.4369965,537203604,USD,Decrease
19-12-2020,178.4606476,180.0989075,175.5036926,176.9165955,448869344,USD,Decrease
20-12-2020,176.89711,193.263092,173.6837158,182.7912598,820875475,USD,Increase
21-12-2020,182.9000397,192.4202576,171.065094,171.6512909,931916881,USD,Decrease
22-12-2020,171.624649,173.3777161,164.9584961,171.5317841,551081238,USD,Decrease
23-12-2020,171.4830627,172.3336182,151.1462402,153.5986481,688312126,USD,Decrease
24-12-2020,153.7480011,162.3382416,151.9021149,162.1759949,544850335,USD,Increase
25-12-2020,162.1472321,168.3615265,159.9307556,165.3999176,533110873,USD,Increase
26-12-2020,165.4533844,167.127655,161.6867828,164.1349792,520607685,USD,Decrease
27-12-2020,164.1993866,175.0745544,159.6490631,167.302536,738847387,USD,Increase
28-12-2020,167.3838501,173.574646,166.7528534,168.4898529,505824697,USD,Increase
29-12-2020,168.4820557,168.9762268,155.6955414,164.3967133,547058462,USD,Decrease
30-12-2020,164.456604,168.9076691,161.7995911,166.9030914,519932132,USD,Increase
31-12-2020,166.8892059,166.903717,159.5457611,163.6320343,360792705,USD,Decrease
01-01-2021,163.6052399,165.4553528,162.2827454,163.1158142,309676885,USD,Decrease
02-01-2021,163.1241608,167.039566,160.3823853,163.089386,439843249,USD,Decrease
03-01-2021,163.1230011,174.1218567,162.8692932,171.3906708,724762386,USD,Increase
04-01-2021,171.3795319,185.42276,162.5585175,167.5882263,936306772,USD,Decrease
05-01-2021,167.6249084,171.1271973,162.6672058,168.6279755,722843843,USD,Increase
06-01-2021,168.6391602,185.0501404,167.4325562,179.8541565,1085901650,USD,Increase
07-01-2021,179.7996826,188.7449036,171.9191284,176.2432861,1238845355,USD,Decrease
08-01-2021,176.2128754,184.2875214,166.3534088,180.4629669,1005129116,USD,Increase
09-01-2021,180.4402008,324.5422058,175.4932098,284.5098267,4666032961,USD,Increase
10-01-2021,284.7754517,299.4214478,233.4714661,253.7050323,4205155207,USD,Decrease
11-01-2021,253.7041016,253.7041016,163.8511505,191.3695679,3293931192,USD,Decrease
12-01-2021,191.1053467,204.1967621,181.3011627,188.7396088,1681782601,USD,Decrease
13-01-2021,188.7411346,220.0313568,188.7411346,212.4384918,2004783613,USD,Increase
14-01-2021,212.493988,233.3494263,204.0973663,220.6280823,1780709461,USD,Increase
15-01-2021,220.6599884,221.6263428,191.589447,208.8546753,1442962215,USD,Decrease
16-01-2021,208.7481079,213.9470062,201.7370758,207.1144714,1081992348,USD,Decrease
17-01-2021,207.0711823,207.3539124,195.0392151,199.0988007,890529795,USD,Decrease
18-01-2021,199.1003265,208.6607056,197.2252655,206.4282684,975120622,USD,Increase
19-01-2021,206.4347687,214.5694122,204.6208344,204.7174377,981563192,USD,Decrease
20-01-2021,204.6225891,206.0435181,187.3062134,200.8761902,1284655437,USD,Decrease
21-01-2021,200.838562,200.838562,175.9402161,178.3593597,1407712853,USD,Decrease
22-01-2021,178.3079681,181.9232788,170.3189087,178.3889771,1205668212,USD,Increase
23-01-2021,178.322052,178.322052,171.2618713,174.7152557,1018021500,USD,Decrease
24-01-2021,174.6503754,176.9603271,171.9231567,174.9513245,706107056,USD,Increase
25-01-2021,174.8857574,184.3279114,173.727356,181.7709351,1009438243,USD,Increase
26-01-2021,181.7150421,181.7150421,172.2982483,174.155014,868250783,USD,Decrease
27-01-2021,174.1382294,174.1382294,158.522171,162.0761719,939154712,USD,Decrease
28-01-2021,162.1209564,167.4368286,161.466507,164.602478,829853160,USD,Increase
29-01-2021,172.8083496,184.5875092,166.4063721,173.0165405,1393447565,USD,Increase
30-01-2021,172.986084,192.7206726,168.0514526,178.8504639,1416389197,USD,Increase
31-01-2021,178.7838593,180.9786835,171.5521851,173.8604584,716768480,USD,Decrease
01-02-2021,173.8564758,185.6630402,172.7627106,178.7179871,928293221,USD,Increase
02-02-2021,178.7314911,181.8387756,177.2588959,180.6801453,717691784,USD,Increase
03-02-2021,180.6843872,186.7726135,180.173111,182.9874878,725312651,USD,Increase
04-02-2021,182.9509125,187.276535,175.7548218,176.5700531,753843850,USD,Decrease
05-02-2021,176.5648499,187.8117371,176.3242188,187.2492981,766139512,USD,Increase
06-02-2021,187.2440491,195.5701599,181.8874664,184.2870941,1041658708,USD,Decrease
07-02-2021,184.275528,188.8528748,178.4712219,183.0600739,937245395,USD,Decrease
08-02-2021,183.0128021,194.2008362,181.5340576,194.0106506,999068562,USD,Increase
09-02-2021,194.0424652,234.8547363,193.7607574,225.9514465,2582374688,USD,Increase
10-02-2021,225.7209015,234.5499725,200.9132538,212.1047974,2040038624,USD,Decrease
11-02-2021,211.9195251,228.2640228,207.9897308,224.9983826,1416914982,USD,Increase
12-02-2021,224.9003296,236.2458954,215.3393707,235.6829376,1328959608,USD,Increase
13-02-2021,235.5038605,266.8276367,222.7828979,263.8977966,2372839287,USD,Increase
14-02-2021,264.0528259,282.1379089,245.4319458,262.3990173,2666456603,USD,Decrease
15-02-2021,262.2502441,273.4252014,214.4499817,238.6379852,2914637886,USD,Decrease
16-02-2021,238.6287079,256.3243103,228.3712921,236.8460846,1997219511,USD,Decrease
17-02-2021,236.8310547,251.8186493,228.059906,244.3745728,1327157466,USD,Increase
18-02-2021,244.3630981,254.3544159,237.964798,240.535965,1003737862,USD,Decrease
19-02-2021,240.5812225,252.673996,231.9899139,243.5151672,1074792614,USD,Increase
20-02-2021,243.4969788,253.6064758,218.3417511,228.5558929,1583584357,USD,Decrease
21-02-2021,228.4573364,249.4722443,225.3086395,242.5944824,1241260721,USD,Increase
22-02-2021,242.5858307,245.5464478,183.3465424,216.3104248,2239189382,USD,Decrease
23-02-2021,216.2574158,216.2701569,169.496109,188.5276184,1881160892,USD,Decrease
24-02-2021,188.5619812,208.3747711,183.3564453,194.9781036,1315812291,USD,Increase
25-02-2021,194.9380341,201.1127625,183.2663269,183.2663269,984668472,USD,Decrease
26-02-2021,183.7281036,187.3782806,171.9757538,180.4144287,1043923841,USD,Decrease
27-02-2021,180.5163574,194.6396027,180.3019714,184.6903687,803337939,USD,Increase
28-02-2021,184.6834106,185.2352753,171.6544952,177.4486847,816018176,USD,Decrease
01-03-2021,177.4811401,188.9604492,176.156601,185.8673248,697127288,USD,Increase
02-03-2021,185.7640991,191.3035431,180.8050842,185.4491577,681388563,USD,Decrease
03-03-2021,185.484024,193.8983002,184.15979,189.1630402,687723015,USD,Increase
04-03-2021,189.1096191,191.5282593,180.0618439,181.8293915,680156618,USD,Decrease
05-03-2021,181.8312988,181.9199677,176.2896271,181.0757141,584109721,USD,Decrease
06-03-2021,181.0493164,182.559021,176.2910309,181.1564484,556606231,USD,Increase
07-03-2021,181.2636566,185.8050232,181.2636566,185.4199066,464121277,USD,Increase
08-03-2021,185.4082489,187.6658173,179.5979309,185.8994446,567258416,USD,Increase
09-03-2021,185.9027252,189.9885101,184.5695343,189.9885101,550103408,USD,Increase
10-03-2021,190.0009155,194.3501282,184.7685852,188.3600311,658965502,USD,Decrease
11-03-2021,188.2522278,190.2338715,184.4888,187.1142273,549753556,USD,Decrease
12-03-2021,187.1463928,189.8277435,178.9059601,185.7099304,626294112,USD,Decrease
13-03-2021,185.7186737,233.7387543,185.7186737,218.3470459,1822980823,USD,Increase
14-03-2021,218.3267517,224.6052551,198.7468872,200.4866486,1232085584,USD,Decrease
15-03-2021,200.1390686,201.83461,186.6103821,191.5210419,1149438260,USD,Decrease
16-03-2021,191.5158691,198.3670807,186.4577484,194.7800598,882739478,USD,Increase
17-03-2021,194.809082,196.4150543,189.5082397,195.2086029,654194544,USD,Increase
18-03-2021,195.2259216,207.154068,194.4661255,204.2323761,918333651,USD,Increase
19-03-2021,204.11203,228.9021912,198.5214844,213.6368866,1673281043,USD,Increase
20-03-2021,213.5337372,220.1999817,205.4857025,205.5637054,1059015288,USD,Decrease
21-03-2021,205.5611725,208.5778656,198.7440186,202.2408905,703968706,USD,Decrease
22-03-2021,202.188797,222.5567474,197.7188263,204.5809937,1252024679,USD,Increase
23-03-2021,204.5388794,226.0637817,203.8161774,215.241745,1479847056,USD,Increase
24-03-2021,215.1281586,221.4862976,188.6136627,194.7328796,1033186159,USD,Decrease
25-03-2021,194.7040558,197.0128174,187.9666138,193.8417664,948879637,USD,Decrease
26-03-2021,193.8004303,204.1439667,192.675827,203.2727203,715192536,USD,Increase
27-03-2021,203.3000488,204.6110077,196.1768036,200.3723907,538137963,USD,Decrease
28-03-2021,200.3897858,202.6382141,197.3727722,199.3722839,536704191,USD,Decrease
29-03-2021,199.3789673,210.9607849,197.8712311,207.7908783,691044251,USD,Increase
30-03-2021,207.7646179,210.5952759,205.4322205,209.0461426,559617852,USD,Increase
31-03-2021,209.0975342,219.1065369,201.634491,217.0887604,1395169129,USD,Increase
01-04-2021,217.09375,237.2568359,214.7004242,229.6256409,1534951326,USD,Increase
02-04-2021,229.5823517,267.5315857,226.95784,247.1775818,2221351513,USD,Increase
03-04-2021,247.1984406,255.0908356,218.0619812,220.2610168,1801399521,USD,Decrease
04-04-2021,220.2361603,232.7602081,219.0220184,230.2778473,1109180244,USD,Increase
05-04-2021,230.3608704,250.5200653,230.2387238,248.0809174,1667140483,USD,Increase
06-04-2021,248.2758026,280.9872742,243.8490143,264.5970459,2838159161,USD,Increase
07-04-2021,264.5335083,274.0850525,231.3536987,239.587265,2256206677,USD,Decrease
08-04-2021,239.7036743,251.0360413,236.1928101,249.2703857,1285117539,USD,Increase
09-04-2021,249.3412018,270.6869812,244.477417,259.1430664,1294507756,USD,Increase
10-04-2021,259.1452942,280.5283508,255.1949768,272.7145081,1519216554,USD,Increase
11-04-2021,272.659729,289.4038391,267.4059753,276.9602356,1341804114,USD,Increase
12-04-2021,276.8751221,277.8955383,252.828949,261.0388489,1078055481,USD,Decrease
13-04-2021,260.9787903,300.1832275,260.0006409,297.7601929,1764291257,USD,Increase
14-04-2021,297.9049377,346.1983643,285.9378357,328.5248108,3266575741,USD,Increase
15-04-2021,328.2047424,377.8268738,318.8717957,364.6114807,2672082901,USD,Increase
16-04-2021,364.3203125,491.635376,329.0827637,441.3943481,4652392545,USD,Increase
17-04-2021,441.3268127,446.4685059,374.020874,378.986084,3699043577,USD,Decrease
18-04-2021,378.8997192,383.9807434,288.1339111,332.8471069,4042419742,USD,Decrease
19-04-2021,333.540802,339.6027222,287.0300598,294.8777466,2239242781,USD,Decrease
20-04-2021,295.0021667,312.3816833,273.9130859,303.0984192,2159920601,USD,Increase
21-04-2021,303.2723999,319.572876,290.9144897,296.6661072,1708015845,USD,Decrease
22-04-2021,296.5484619,310.1672363,279.6434021,282.5078735,1738884254,USD,Decrease
23-04-2021,282.6307983,291.092865,206.7423553,250.6531982,2619288056,USD,Decrease
24-04-2021,250.9300232,251.4628296,229.1076508,235.5678101,1198233994,USD,Decrease
25-04-2021,235.6061249,255.8975372,231.6443787,238.627655,962528566,USD,Increase
26-04-2021,238.8840179,266.2564392,237.7321167,264.7661438,1249352406,USD,Increase
27-04-2021,264.894165,289.5139771,261.026123,288.3218079,1311120444,USD,Increase
28-04-2021,288.5920105,295.7136841,272.1383362,289.5839233,1493736674,USD,Increase
29-04-2021,289.7891541,292.2785339,273.8705444,282.1896362,1053935374,USD,Decrease
30-04-2021,282.2236938,327.5843811,277.9656067,323.6707458,1314798048,USD,Increase
01-05-2021,323.6416626,339.4133606,310.7812195,332.675293,1330378391,USD,Increase
02-05-2021,332.6011353,344.9331055,314.6855164,332.2598877,1282941459,USD,Decrease
03-05-2021,332.1709595,375.6261902,331.7535095,369.9068604,1929981523,USD,Increase
04-05-2021,369.7668152,373.9348755,316.945282,327.2222595,2537962490,USD,Decrease
05-05-2021,326.6601868,445.7947388,323.8677368,423.4077148,3481788239,USD,Increase
06-05-2021,423.4649353,457.2388,387.7619934,418.8973083,3330405069,USD,Decrease
07-05-2021,419.4800415,430.7684021,365.1902466,379.8088379,2476654956,USD,Decrease
08-05-2021,379.4138184,396.9823914,339.3218689,366.0493164,2028607092,USD,Decrease
09-05-2021,366.5928955,377.7468262,333.456604,359.3440857,1816517530,USD,Decrease
10-05-2021,359.3899536,410.8309021,308.8288574,340.6425476,3372569759,USD,Decrease
11-05-2021,341.4029541,394.3372803,332.1333923,392.3598633,2720343048,USD,Increase
12-05-2021,392.4949036,405.2767944,299.5545654,299.5545654,2385424877,USD,Decrease
13-05-2021,303.2878418,336.1821594,290.5990601,315.5066528,2948817565,USD,Increase
14-05-2021,316.1307983,351.2213135,311.9360352,336.4975586,1580381444,USD,Increase
15-05-2021,336.4400635,340.7038574,307.8838501,311.9907837,1441154678,USD,Decrease
16-05-2021,311.554657,330.7542419,290.7161255,315.0993958,1559362175,USD,Increase
17-05-2021,315.2472534,316.698761,259.3236084,286.1441956,2068329327,USD,Decrease
18-05-2021,286.1155396,302.2765503,278.1402588,287.15448,1425867301,USD,Increase
19-05-2021,287.4075623,290.2876587,141.5132751,176.6281586,3125275289,USD,Decrease
20-05-2021,176.2719421,201.9732056,161.7647552,200.0580292,2484003727,USD,Increase
21-05-2021,200.4456177,207.4814758,155.2024536,174.6168213,2260834089,USD,Decrease
22-05-2021,174.7088165,176.5606384,158.7721863,169.1510925,1634335343,USD,Decrease
23-05-2021,169.3211823,173.8707275,129.3406067,150.8253632,2054958546,USD,Decrease
24-05-2021,150.6608582,180.4190369,146.3519592,178.1375885,1834379191,USD,Increase
25-05-2021,178.5839386,185.576828,161.7105408,174.7871857,1655467610,USD,Decrease
26-05-2021,174.7229004,186.7378998,171.6086426,182.1764984,1346212851,USD,Increase
27-05-2021,182.1595154,189.6628876,170.8156891,183.1481628,1147929602,USD,Increase
28-05-2021,183.4499512,185.2449036,161.5959015,168.2102814,1232465830,USD,Decrease
29-05-2021,168.2465973,179.1021271,159.8510742,164.292511,1152510285,USD,Decrease
30-05-2021,164.3162994,169.7602234,155.4138794,166.5590363,867654745,USD,Increase
31-05-2021,166.6329193,175.280426,161.4919891,174.9384308,871083901,USD,Increase
01-06-2021,174.9169617,176.6089325,166.7056122,175.7692719,891701486,USD,Increase
02-06-2021,175.8302155,187.8101349,171.7362823,182.5816345,922883904,USD,Increase
03-06-2021,182.5779266,191.480484,178.5805817,188.8372955,913457806,USD,Increase
04-06-2021,188.9057922,189.4541931,169.3884277,173.9971771,1002767126,USD,Decrease
05-06-2021,173.9575653,178.0644073,167.6537323,177.9733582,979002490,USD,Increase
06-06-2021,178.0404053,180.7989197,174.1536255,178.7094574,866540128,USD,Increase
07-06-2021,178.7484283,179.9469452,166.0153198,166.2698975,818323800,USD,Decrease
08-06-2021,166.2296295,168.3931122,152.1134338,162.6404266,1121915238,USD,Decrease
09-06-2021,162.6580505,173.5027618,158.072937,173.0297089,1042768090,USD,Increase
10-06-2021,173.0415802,174.8792419,164.3047485,165.2566833,813118608,USD,Decrease
11-06-2021,165.1508484,173.2392273,162.3442993,164.1895294,861722399,USD,Decrease
12-06-2021,164.2705688,164.5416107,156.7178955,162.0935669,681685107,USD,Decrease
13-06-2021,162.149353,172.6232605,159.7227478,171.0860901,702345521,USD,Increase
14-06-2021,171.085907,175.3307037,168.7324066,173.3247833,691110442,USD,Increase
15-06-2021,173.6487732,175.0653839,168.6021423,173.4458618,673880550,USD,Decrease
16-06-2021,169.9166107,169.9166107,161.4028473,164.1366272,714448744,USD,Decrease
17-06-2021,164.1357727,167.5777283,161.072876,163.3863678,593323777,USD,Decrease
18-06-2021,163.3411865,164.4537811,152.9569702,157.3546906,689554878,USD,Decrease
19-06-2021,157.5135193,159.3275909,155.1595612,155.6405182,595748829,USD,Decrease
20-06-2021,155.5724792,155.6356049,145.6166534,153.2408905,639719475,USD,Decrease
21-06-2021,153.2347565,153.719986,122.8408356,124.6355362,986264401,USD,Decrease
22-06-2021,124.6308365,126.8282089,107.6276016,119.078949,982845887,USD,Decrease
23-06-2021,119.0868912,130.2263336,115.3851395,128.9900818,657671850,USD,Increase
24-06-2021,128.4313965,134.1633453,123.7131577,131.7730103,576441036,USD,Increase
25-06-2021,131.8574982,134.4887848,121.2333145,122.8891602,605166309,USD,Decrease
26-06-2021,122.7348633,125.1180115,117.6518402,124.722496,569724045,USD,Increase
27-06-2021,124.9592514,131.3691559,124.9592514,130.9338989,574535255,USD,Increase
28-06-2021,130.8975983,170.1666107,130.2572479,153.3381653,1170274665,USD,Increase
29-06-2021,153.3817291,165.9760132,151.7803497,152.3848724,976694083,USD,Decrease
30-06-2021,152.4367065,154.4123535,138.1444244,146.9085236,736498877,USD,Decrease
01-07-2021,146.9488678,149.3444366,138.369339,146.2381287,692441290,USD,Decrease
02-07-2021,146.1715393,146.8125763,138.983078,145.1374207,450490796,USD,Decrease
03-07-2021,145.1226196,148.6962585,142.0196991,146.4172974,461086588,USD,Increase
04-07-2021,146.4247589,153.990097,143.9643097,149.3193512,566485090,USD,Increase
05-07-2021,149.3365021,149.3365021,140.3377533,141.6135254,540566699,USD,Decrease
06-07-2021,141.4987335,148.3069763,135.619812,140.8005066,585601210,USD,Decrease
07-07-2021,140.8709717,147.0764771,139.9633789,140.3925629,536428345,USD,Decrease
08-07-2021,140.3529205,145.2618561,135.2841187,140.2183838,674032836,USD,Decrease
09-07-2021,140.3486786,141.0947876,134.9566498,139.3431854,508772428,USD,Decrease
10-07-2021,139.2206726,141.1870575,135.9878235,138.9683075,432500043,USD,Decrease
11-07-2021,138.9684448,140.4953461,135.3635559,138.2875671,444636929,USD,Decrease
12-07-2021,138.3264923,143.1376953,137.0606079,138.3806763,524976439,USD,Increase
13-07-2021,138.2783813,139.60849,136.1338806,137.0959473,362560699,USD,Decrease
14-07-2021,137.2154541,138.5725403,127.5457993,133.1433868,301477086,USD,Decrease
15-07-2021,133.1149902,134.2906799,125.8279724,127.9480133,270443032,USD,Decrease
16-07-2021,128.0352478,130.1179657,123.4934692,123.4934692,240524259,USD,Decrease
17-07-2021,123.4795303,125.4183807,121.3229294,123.3614578,239393430,USD,Decrease
18-07-2021,123.3685074,125.8420029,122.3862915,123.4718781,229370734,USD,Increase
19-07-2021,123.4683609,123.6760864,116.7803879,118.6777573,221149530,USD,Decrease
20-07-2021,118.6697006,119.9102173,111.8148422,114.1850815,266804573,USD,Decrease
21-07-2021,114.1619339,124.1960907,112.8557892,122.2144623,302918401,USD,Increase
22-07-2021,122.2515488,124.5571594,118.5646744,124.3606491,247958789,USD,Increase
23-07-2021,124.3543167,126.3407898,122.3797455,126.1451797,243430428,USD,Increase
24-07-2021,126.1351395,129.723053,125.5839157,127.7837143,239874126,USD,Increase
25-07-2021,127.7707901,128.8608398,125.2910004,128.2324371,232725138,USD,Increase
26-07-2021,128.2471771,138.3097534,127.8374252,130.6389465,490116353,USD,Increase
27-07-2021,130.541275,133.5058441,128.0074921,133.5058441,332429573,USD,Increase
28-07-2021,133.5819397,136.1879883,131.9819794,134.2086945,318506399,USD,Increase
29-07-2021,134.236908,139.8206482,133.6307831,138.7794952,304774419,USD,Increase
30-07-2021,138.7973633,141.8133545,134.3479462,141.6167908,345621288,USD,Increase
31-07-2021,141.724411,143.0596924,138.921402,141.7531281,278380093,USD,Increase
01-08-2021,141.6209869,148.9594116,140.6085968,142.4174042,329232594,USD,Increase
02-08-2021,142.3552094,149.8686066,139.8914337,145.9774933,368392416,USD,Increase
03-08-2021,145.9737701,148.3683472,138.5284424,138.5284424,308225247,USD,Decrease
04-08-2021,138.546936,142.1697083,134.5941162,139.6653137,311916872,USD,Increase
05-08-2021,139.6753235,141.0156097,135.4788513,140.4652863,299063884,USD,Increase
06-08-2021,140.4773865,146.7686768,139.5211182,145.2454529,309463762,USD,Increase
07-08-2021,145.1992798,159.7024994,144.5492554,155.1973419,469801057,USD,Increase
08-08-2021,155.1519165,155.2816925,144.7414398,144.8588409,366080341,USD,Decrease
09-08-2021,144.8884125,159.4107361,142.9309692,157.7111664,496350243,USD,Increase
10-08-2021,157.5666199,159.3363495,149.6286163,153.0340881,376761220,USD,Decrease
11-08-2021,153.0378876,163.5084076,153.037735,158.9902802,441448855,USD,Increase
12-08-2021,159.0187836,164.4386902,151.2918091,153.9339142,394440170,USD,Decrease
13-08-2021,154.035553,166.0821991,153.4586639,165.8663483,387507040,USD,Increase
14-08-2021,165.8910828,167.7246246,159.3757935,165.6859741,436219554,USD,Decrease
15-08-2021,165.7388,173.3529968,162.6349792,172.3546906,532269992,USD,Increase
16-08-2021,172.3134308,176.3094025,165.3360443,166.8246155,436197480,USD,Decrease
17-08-2021,166.7621613,171.0521851,156.6280212,158.1241913,375396653,USD,Decrease
18-08-2021,158.1027832,160.426712,153.2670746,156.0757751,340467110,USD,Decrease
19-08-2021,156.0305023,159.7541962,150.9890137,159.7541962,317159716,USD,Increase
20-08-2021,159.7657928,172.6810303,158.0287323,171.6987915,418699501,USD,Increase
21-08-2021,171.6280365,173.0610962,165.5871887,167.9105377,357069959,USD,Decrease
22-08-2021,167.9605408,169.5406647,160.6806335,165.886734,315917392,USD,Decrease
23-08-2021,165.8731537,170.6242371,165.7113647,168.2239227,332703562,USD,Increase
24-08-2021,168.2610474,169.5340271,159.1794128,160.3913116,329665436,USD,Decrease
25-08-2021,160.4108124,165.310379,158.283371,164.6107635,351083826,USD,Increase
26-08-2021,164.6677399,165.7580719,153.5550079,155.3291931,352080851,USD,Decrease
27-08-2021,155.407074,162.5686035,154.7622223,161.5417938,333419497,USD,Increase
28-08-2021,161.7786102,185.6542206,160.1850586,177.1996765,403507002,USD,Increase
29-08-2021,178.6235962,213.4388885,165.5101318,195.9171448,1252875663,USD,Increase
30-08-2021,195.4035645,201.4226074,169.6985016,173.0208588,540973027,USD,Decrease
31-08-2021,173.0076294,175.2959442,162.5032501,169.1644745,346917447,USD,Decrease
01-09-2021,169.1254883,172.4220123,165.9864197,171.7679749,313037806,USD,Increase
02-09-2021,171.7875671,183.7346954,168.0301971,168.3143005,352803699,USD,Decrease
03-09-2021,168.517868,178.4130249,168.3890686,176.6156616,640886173,USD,Increase
04-09-2021,176.6889954,202.1969452,174.2212067,198.7162476,495527678,USD,Increase
05-09-2021,198.69841,199.6232758,188.7154083,196.2144318,401398988,USD,Decrease
06-09-2021,196.1657257,201.4581299,191.3451843,194.7419739,473672862,USD,Decrease
07-09-2021,194.8383179,195.7741852,147.6381531,158.6387939,794199337,USD,Decrease
08-09-2021,158.5387573,166.2036743,152.0119629,155.8577423,693664591,USD,Decrease
09-09-2021,155.5801849,169.9844971,153.8162231,156.4656372,404326482,USD,Increase
10-09-2021,156.4847412,166.8487091,154.2985992,156.5926819,366951704,USD,Increase
11-09-2021,156.6150208,159.0093994,151.4238586,155.4788208,279619492,USD,Decrease
12-09-2021,155.4834595,158.6066742,152.3641205,156.7489319,260292636,USD,Increase
13-09-2021,156.7603607,160.4312134,147.4309845,157.4129486,418491061,USD,Increase
14-09-2021,157.4829102,162.9357758,153.1162872,160.2131195,279140694,USD,Increase
15-09-2021,160.1745758,170.1822052,151.5658112,157.3181915,298863449,USD,Decrease
16-09-2021,157.3177643,167.1234741,154.6313324,156.2901154,375177887,USD,Decrease
17-09-2021,156.3088379,167.4942627,156.0862427,159.0575867,320172490,USD,Increase
18-09-2021,159.0949097,173.7266846,155.6288605,157.1176605,301893971,USD,Decrease
19-09-2021,157.1651154,175.3679504,155.0812378,162.2528687,253197150,USD,Increase
20-09-2021,162.2603912,162.2603912,134.0825195,135.100296,459824792,USD,Decrease
21-09-2021,135.1614532,160.3123932,130.7567902,138.1844025,645158666,USD,Increase
22-09-2021,138.2437897,154.0116425,138.2437897,146.9563141,391194438,USD,Increase
23-09-2021,146.978653,147.3725128,143.2753448,146.664444,267637189,USD,Decrease
24-09-2021,146.667099,151.8649139,126.7528076,134.4101563,523481093,USD,Decrease
25-09-2021,134.4199524,136.7057495,130.4847717,134.7538757,331302574,USD,Increase
26-09-2021,134.7569733,141.0449371,118.8842773,129.5789185,610311156,USD,Decrease
27-09-2021,129.6158295,132.1880951,125.8404846,127.6989212,378898405,USD,Decrease
28-09-2021,127.6821518,130.5897369,123.9857635,124.6066132,376903627,USD,Decrease
29-09-2021,124.628479,129.5357361,122.9113998,126.8760757,309867309,USD,Increase
30-09-2021,126.8716583,131.8064728,126.1957169,129.4089966,244145483,USD,Increase
01-10-2021,129.4455109,140.2784576,128.4777527,139.6716919,309679420,USD,Increase
02-10-2021,139.6737976,143.2013702,138.0263519,139.3317566,245981064,USD,Decrease
03-10-2021,139.2906036,146.7216644,137.945282,145.0488434,269092550,USD,Increase
04-10-2021,145.0559998,149.580658,140.2382813,144.7346497,291404541,USD,Decrease
05-10-2021,144.7236786,158.022171,144.0883636,154.9594116,296145683,USD,Increase
06-10-2021,155.0125427,164.0330963,147.2321777,152.2515106,369887386,USD,Decrease
07-10-2021,152.0171051,184.3339233,147.4328461,184.3339233,834775333,USD,Increase
08-10-2021,184.309845,184.309845,174.0339355,176.5225067,442610128,USD,Decrease
09-10-2021,176.5453491,180.9901428,172.3087158,179.8988342,329143865,USD,Increase
10-10-2021,179.9959869,185.2189941,173.0853119,173.8834229,363052342,USD,Decrease
11-10-2021,173.8399963,181.3593445,172.7556763,179.0371399,368498385,USD,Increase
12-10-2021,179.1207886,179.1730194,164.1797028,169.7019653,569963479,USD,Decrease
13-10-2021,169.6265259,174.2923279,166.0784607,171.9494934,407534529,USD,Increase
14-10-2021,171.9901123,175.4477081,170.8809662,172.3947906,311068267,USD,Increase
15-10-2021,172.4361877,178.0535889,169.2294159,173.1269684,428251189,USD,Increase
16-10-2021,173.1968231,178.0021973,170.9355469,171.7786713,284995746,USD,Decrease
17-10-2021,171.7589417,175.3868103,165.5638275,169.1285095,277928245,USD,Decrease
18-10-2021,169.1434021,174.2680817,166.291687,168.2514648,299839565,USD,Decrease
19-10-2021,168.2536163,174.5149994,166.9985352,170.4859467,222650674,USD,Increase
20-10-2021,170.5031433,176.1343842,169.0909424,176.1342926,231915554,USD,Increase
21-10-2021,176.1637115,178.5840607,170.5486603,170.798645,265407553,USD,Decrease
22-10-2021,170.78862,173.7214966,168.7620239,170.9129028,219336561,USD,Increase
23-10-2021,170.9191284,172.681076,169.6160583,172.5839386,174770714,USD,Increase
24-10-2021,172.6218414,176.8864594,169.5865326,172.5368347,236535098,USD,Decrease
25-10-2021,172.4438629,174.5094757,170.9917145,172.3366699,186170055,USD,Decrease
26-10-2021,172.3547211,174.4795685,170.3493347,171.835434,207999390,USD,Decrease
27-10-2021,171.8534241,172.8922272,154.3390045,154.3390045,346039229,USD,Decrease
28-10-2021,154.3489685,164.7740631,154.1116943,162.5881042,301527860,USD,Increase
29-10-2021,162.609375,166.6912842,160.7927399,165.8844757,238743832,USD,Increase
30-10-2021,165.8585663,166.358017,159.8214111,161.9985962,181299485,USD,Decrease
31-10-2021,162.2133331,166.6928558,160.8933716,165.5103607,198699491,USD,Increase
01-11-2021,165.5374298,168.3821106,162.2283783,164.605957,203508581,USD,Decrease
02-11-2021,164.6356201,169.3746796,163.313385,169.3746796,188691766,USD,Increase
03-11-2021,169.4191895,170.9805145,165.0648956,169.8624725,222857971,USD,Increase
04-11-2021,169.871048,173.9613953,166.5199432,172.0471497,261662230,USD,Increase
05-11-2021,171.992691,177.0354309,170.057251,174.3717041,253721545,USD,Increase
06-11-2021,174.3644867,174.3644867,166.4378967,169.1115112,191910101,USD,Decrease
07-11-2021,169.1350861,169.9644012,166.3755798,169.259201,186109720,USD,Increase
08-11-2021,169.2927856,178.4837341,169.2927856,177.8011627,292218964,USD,Increase
09-11-2021,177.9095306,192.783493,177.9095306,192.783493,477749765,USD,Increase
10-11-2021,192.9470367,198.7561646,176.5552063,180.1154785,510881854,USD,Decrease
11-11-2021,180.0122223,181.3001099,176.3826447,176.9573212,225698572,USD,Decrease
12-11-2021,176.8633728,180.0372314,168.2657928,172.88237,236931057,USD,Decrease
13-11-2021,172.9520874,175.8825531,170.8918152,174.5619354,149357803,USD,Increase
14-11-2021,174.548645,178.3128662,174.3725586,178.2216797,165387267,USD,Increase
15-11-2021,178.2170105,180.0751343,173.3027802,173.7631073,184481610,USD,Decrease
16-11-2021,173.864212,173.864212,159.8525543,163.1069031,273592035,USD,Decrease
17-11-2021,163.1128845,166.8701935,160.4999695,163.3936615,233657840,USD,Increase
18-11-2021,163.4170532,164.4142609,147.8025818,149.8052979,262380590,USD,Decrease
19-11-2021,149.8284302,155.3485107,145.6041718,155.3195648,183798670,USD,Increase
20-11-2021,155.370163,158.3014679,153.7520752,158.0451508,154832052,USD,Increase
21-11-2021,158.0669861,162.3733063,156.1312408,160.6053619,124438573,USD,Increase
22-11-2021,160.7386169,161.0175781,153.1055908,154.5822754,150886164,USD,Decrease
23-11-2021,154.4964752,156.3096771,151.6178131,155.826416,142221966,USD,Increase
24-11-2021,155.8104248,159.1531982,152.4911041,153.1304321,140437819,USD,Decrease
25-11-2021,159.1840973,162.2493439,155.9064636,156.2216949,155351427,USD,Decrease
26-11-2021,160.2314606,160.3283844,144.7469635,144.9550171,204524657,USD,Decrease
27-11-2021,145.0013123,149.413147,143.1802521,145.8266144,149696800,USD,Increase
28-11-2021,146.0258484,153.1868439,141.9762573,151.3834839,231165250,USD,Increase
29-11-2021,151.4198456,154.2574463,147.3291473,151.8622437,154055542,USD,Increase
30-11-2021,151.6067047,155.2984924,148.0792389,152.0396271,169984976,USD,Increase
